[
  {
    "id": 5965675074,
    "username": "Fabrizio taipe",
    "date": "27/05/2024"
  },
  {
    "id": 986054760,
    "username": "@aladino231",
    "date": "28/05/2024"
  },
  {
    "id": 1745010020,
    "username": "Elite",
    "date": "28/05/2024"
  },
  {
    "id": 6973889969,
    "username": "M",
    "date": "28/05/2024"
  },
  {
    "id": 6311246690,
    "username": "@PerUCamPeoN30",
    "date": "28/05/2024"
  },
  {
    "id": 1900820399,
    "username": "Eric",
    "date": "29/05/2024"
  },
  {
    "id": 5291090641,
    "username": "@Chupetedefresa",
    "date": "29/05/2024"
  },
  {
    "id": 5437341779,
    "username": "@Lufehee",
    "date": "30/05/2024"
  },
  {
    "id": 6740281771,
    "username": "Moo",
    "date": "31/05/2024"
  },
  {
    "id": 5024454962,
    "username": "Diego",
    "date": "01/06/2024"
  },
  {
    "id": 5104000515,
    "username": "Alexis",
    "date": "01/06/2024"
  },
  {
    "id": 7417764872,
    "username": "Lalo",
    "date": "01/06/2024"
  },
  {
    "id": 5209387593,
    "username": "karlos",
    "date": "02/06/2024"
  },
  {
    "id": 5800141442,
    "username": "Group",
    "date": "03/06/2024"
  },
  {
    "id": 6884828549,
    "username": "@Digital_Peru",
    "date": "03/06/2024"
  },
  {
    "id": 790865846,
    "username": "@Paquitoo02",
    "date": "03/06/2024"
  },
  {
    "id": 61892922,
    "username": "Andrés",
    "date": "04/06/2024"
  },
  {
    "id": 1314161913,
    "username": "@centella777",
    "date": "05/06/2024"
  },
  {
    "id": 1729465503,
    "username": "@Drako1986",
    "date": "05/06/2024"
  },
  {
    "id": 1532278438,
    "username": "@Underlord1",
    "date": "05/06/2024"
  },
  {
    "id": 1714633181,
    "username": "@bicho_tool",
    "date": "05/06/2024"
  },
  {
    "id": 1672813660,
    "username": "@ZzMrJorchXD",
    "date": "06/06/2024"
  },
  {
    "id": 5419065539,
    "username": "@pedro673",
    "date": "06/06/2024"
  },
  {
    "id": 5602145533,
    "username": "Carol Chirinos",
    "date": "06/06/2024"
  },
  {
    "id": 1517841159,
    "username": "Pnther",
    "date": "07/06/2024"
  },
  {
    "id": 6167945613,
    "username": "@Mauchichi",
    "date": "07/06/2024"
  },
  {
    "id": 5836605822,
    "username": "Aron",
    "date": "08/06/2024"
  },
  {
    "id": 6510853797,
    "username": "Htc",
    "date": "08/06/2024"
  },
  {
    "id": 7112575349,
    "username": "Gustavo",
    "date": "08/06/2024"
  },
  {
    "id": 6138020313,
    "username": "fxz",
    "date": "10/06/2024"
  },
  {
    "id": 724361899,
    "username": "@Jora180",
    "date": "10/06/2024"
  },
  {
    "id": 7066654212,
    "username": "@bardo398",
    "date": "10/06/2024"
  },
  {
    "id": 6895049489,
    "username": "Juan",
    "date": "10/06/2024"
  },
  {
    "id": 1499586130,
    "username": "@Cuch1t0",
    "date": "10/06/2024"
  },
  {
    "id": 2075098887,
    "username": "M4X F/ow",
    "date": "10/06/2024"
  },
  {
    "id": 6136412154,
    "username": ".",
    "date": "11/06/2024"
  },
  {
    "id": 1099349444,
    "username": "@butminn",
    "date": "12/06/2024"
  },
  {
    "id": 1507218762,
    "username": "@SL4UGHTER",
    "date": "12/06/2024"
  },
  {
    "id": 6818920900,
    "username": "@ttt77uu",
    "date": "12/06/2024"
  },
  {
    "id": 5700364612,
    "username": "@TNTzzz",
    "date": "12/06/2024"
  },
  {
    "id": 6733367278,
    "username": "Anders",
    "date": "12/06/2024"
  },
  {
    "id": 1628318399,
    "username": "Jherson",
    "date": "13/06/2024"
  },
  {
    "id": 1791451116,
    "username": "@Cristhian_Alexander",
    "date": "13/06/2024"
  },
  {
    "id": 6616352625,
    "username": "@bugsconejo1",
    "date": "14/06/2024"
  },
  {
    "id": 6920382718,
    "username": "Lvzifer",
    "date": "14/06/2024"
  },
  {
    "id": 5313169365,
    "username": "edison",
    "date": "15/06/2024"
  },
  {
    "id": 7374570893,
    "username": "Arnold",
    "date": "15/06/2024"
  },
  {
    "id": 6813703423,
    "username": "Hansel",
    "date": "15/06/2024"
  },
  {
    "id": 6938565860,
    "username": "@Elalmacennn",
    "date": "15/06/2024"
  },
  {
    "id": 1430819625,
    "username": "@rocastro555",
    "date": "16/06/2024"
  },
  {
    "id": 7361250592,
    "username": "Nathan",
    "date": "16/06/2024"
  },
  {
    "id": 1679511855,
    "username": "H©️🦉↗️",
    "date": "17/06/2024"
  },
  {
    "id": 5578768688,
    "username": "Holitas",
    "date": "17/06/2024"
  },
  {
    "id": 1476607294,
    "username": "@brunoparker",
    "date": "17/06/2024"
  },
  {
    "id": 5398461606,
    "username": "@Masterjaja",
    "date": "17/06/2024"
  },
  {
    "id": 6669180267,
    "username": "Marcia",
    "date": "18/06/2024"
  },
  {
    "id": 1176136155,
    "username": "@Yonel7",
    "date": "18/06/2024"
  },
  {
    "id": 370950541,
    "username": "@S4gct",
    "date": "18/06/2024"
  },
  {
    "id": 6953648194,
    "username": "Ruben",
    "date": "18/06/2024"
  },
  {
    "id": 2008103936,
    "username": "@ElArtzz",
    "date": "18/06/2024"
  },
  {
    "id": 7425444310,
    "username": "nicol",
    "date": "18/06/2024"
  },
  {
    "id": 5524127550,
    "username": "J",
    "date": "18/06/2024"
  },
  {
    "id": 6101777603,
    "username": "@Anonymus10a",
    "date": "18/06/2024"
  },
  {
    "id": 1420334771,
    "username": "@Corco2000",
    "date": "27/05/2024"
  },
  {
    "id": 5487450450,
    "username": "@Hhhhh326",
    "date": "19/06/2024"
  },
  {
    "id": 1297660056,
    "username": "Victor",
    "date": "19/06/2024"
  },
  {
    "id": 902196730,
    "username": "@Pitadrogas",
    "date": "19/06/2024"
  },
  {
    "id": 5018996301,
    "username": "@Confe789",
    "date": "19/06/2024"
  },
  {
    "id": 6110504242,
    "username": "@analisisconalex",
    "date": "20/06/2024"
  },
  {
    "id": 1484341855,
    "username": "@LoCuaZFeveR",
    "date": "21/06/2024"
  },
  {
    "id": 6717752753,
    "username": "Jorge",
    "date": "21/06/2024"
  },
  {
    "id": 1530202282,
    "username": "Frionter",
    "date": "22/06/2024"
  },
  {
    "id": 6142929631,
    "username": "Dm",
    "date": "22/06/2024"
  },
  {
    "id": 5510792997,
    "username": "@Crisgg321",
    "date": "22/06/2024"
  },
  {
    "id": 6324172695,
    "username": "@terasds",
    "date": "24/06/2024"
  },
  {
    "id": 1533245895,
    "username": "@ProJurisDefensaLegal",
    "date": "24/06/2024"
  },
  {
    "id": 6355632428,
    "username": "@kayser2024",
    "date": "30/05/2024"
  }
]