[
  {
    "id": 6467645726,
    "username": "@lNoodlel",
    "date": "08/06/2024"
  },
  {
    "id": 5712477624,
    "username": "@DarkaxCA",
    "date": "04/06/2024"
  },
  {
    "id": 5811950611,
    "username": "@TatiACDC",
    "date": "26/05/2024"
  },
  {
    "id": 6428950162,
    "username": "@KevinPoulsenn",
    "date": "27/05/2024"
  },
  {
    "id": 5368856644,
    "username": "@taxistarara",
    "date": "01/06/2024"
  },
  {
    "id": 1933572866,
    "username": "@kentonanamijjk",
    "date": "03/06/2024"
  },
  {
    "id": 6846126907,
    "username": "@Kokolisox",
    "date": "05/06/2024"
  },
  {
    "id": 5985478181,
    "username": "@ZoroPeru",
    "date": "09/06/2024"
  },
  {
    "id": 6677401627,
    "username": "@bot_ayudantede_you",
    "date": "10/06/2024"
  },
  {
    "id": 5231786983,
    "username": "@StreamingRamirez",
    "date": "11/06/2024"
  },
  {
    "id": "6313222721",
    "username": "@AskTrebol",
    "date": "13/06/2024"
  },
  {
    "id": 6988908464,
    "username": "@MScofield23",
    "date": "13/06/2024"
  },
  {
    "id": 6815981697,
    "username": "@alanfujim",
    "date": "13/06/2024"
  },
  {
    "id": 7157360539,
    "username": "@LegalStreamss",
    "date": "17/06/2024"
  },
  {
    "id": "6713510931",
    "username": "@Zyzzi1",
    "date": "18/06/2024"
  },
  {
    "id": "6357699870",
    "username": "@Tubinerop",
    "date": "17/06/2024"
  },
  {
    "id": "6519302363",
    "username": "@mati298",
    "date": "11/06/2024"
  },
  {
    "id": 6399404173,
    "username": "@TMb_b",
    "date": "20/06/2024"
  },
  {
    "id": 1430428395,
    "username": "@lounchh",
    "date": "23/06/2024"
  },
  {
    "id": 5107509207,
    "username": "@Tshi32",
    "date": "23/06/2024"
  }
]